flow_id,src_ip,src_port,dst_ip,dst_port,protocol,timestamp,flow_duration,tot_fwd_pkts,tot_bwd_pkts,pkt_size_avg,fwd_iat_mean,bwd_iat_mean,flow_bytes/s,flow_pkts/s,flag,label
flow_0000,7.140.125.58,99999,171.84.26.102,22,Tcp,2024-01-03 10:47:07,,212.0,140.0,527.75,2154.51,2757.13,819791.08,103.97,ACK,PortScan
flow_0001,27.44.216.9,51191,161.156.119.110,8080,Tcp,2024-01-19 14:55:33,,-5.0,,374.6,3870.88,1352.54,424592.44,708.53,SYN,benign
flow_0003,130.13.101.184,99999,55.244.39.34,22,HTTP,2024-01-20 00:36:58,-999.0,,264.0,1463.45,374.99,3251.68,740429.12,518.97,FIN,ddos
flow_0004,140.214.112.115,51228,152.115.227.3,21,UDP,01-29-2024 22:31:54,9999999.0,,452.0,1213.28,3138.95,1517.09,221694.04,382.59,FIN,benign
flow_0005,208.3.81.179,16796,3.175.61.253,8080,tcp,01-22-2024 15:26:12,44392.0,300.0,,99999.9,4023.63,4857.33,767843.93,590.34,SYN,Brute Force
flow_0006,72.79.110.246,5433,221.216.67.123,21,TCP,18/01/2024 06:19,9999999.0,-5.0,,1256.42,4352.29,,339850.95,954.07,RST,DDoS
flow_0007,27.47.194.25,39948,19.117.196.23,443,HTTP,2024-01-17 03:11:41,-999.0,9.0,,58.01,4844.74,3868.07,610566.52,117.47,FIN,Brute Force
flow_0008,89.135.22.187,99999,188.52.52.81,80,TCP,2024-01-26 21:33:17,88867.0,-5.0,161.0,805.33,435.84,2670.93,914586.0,360.7,SYN,PortScan
flow_0010,161.185.98.181,58185,199.68.73.18,80,TCP,2024-01-07 09:33:09,-999.0,403.0,171.0,688.84,807.36,2762.48,211232.34,393.75,RST,DDoS
flow_0011,170.116.148.253,99999,136.4.84.113,22,Tcp,2024-01-23 17:34:51,,,450.0,1307.38,1816.64,3828.41,339586.66,347.3,PSH,BENIGN
flow_0012,60.51.194.72,-1,90.109.77.236,47589,ICMP,23/01/2024 02:47,,24.0,377.0,997.14,895.93,2148.59,425711.32,852.23,SYN,PortScan
flow_0013,214.186.83.95,29791,106.226.111.23,53,Tcp,23/01/2024 14:13,-999.0,-5.0,,99999.9,1289.72,688.85,386815.52,522.77,PSH,benign
flow_0014,172.136.36.156,36397,230.51.71.193,22,tcp,2024-01-12 05:56:35,-999.0,,490.0,1222.68,1280.13,4485.73,34826.66,813.16,RST,PortScan
flow_0015,137.125.83.119,50463,32.196.179.247,63131,ICMP,01-07-2024 23:26:52,-999.0,-5.0,469.0,-1.0,3251.46,1838.54,421736.89,777.63,,Brute Force
flow_0016,254.112.166.216,99999,110.161.71.64,443,TCP,13/01/2024 12:39,2955.0,-5.0,100.0,1455.0,619.83,2182.62,682339.78,25.64,RST,BENIGN
flow_0017,15.117.16.207,19981,71.43.127.142,443,HTTP,2024-01-20 00:48:09,9999999.0,-5.0,,1023.34,197.96,1160.17,464922.7,24.14,,ddos
flow_0018,69.33.108.234,99999,154.145.13.218,21,,17/01/2024 00:51,88744.0,,32.0,737.11,2004.7,1135.63,686065.62,98.8,ACK,DDoS
flow_0020,227.234.73.68,99999,156.96.200.76,443,tcp,2024-01-02 11:15:36,9999999.0,109.0,221.0,1409.85,1833.66,2840.24,12224.49,849.43,SYN,BENIGN
flow_0021,191.134.219.230,99999,166.27.122.127,53,HTTP,2024-01-24 01:48:16,41649.0,-5.0,,724.66,4760.22,74.49,574682.21,818.37,ACK,DDoS
flow_0022,93.112.70.131,-1,99.57.123.128,53,udp,18/01/2024 01:27,,,,1055.26,3411.0,4063.11,454692.07,973.58,RST,Brute Force
flow_0023,194.24.56.40,-1,164.36.6.253,53,HTTP,2024-01-23 09:23:07,-999.0,-5.0,126.0,589.59,1314.14,633.58,959921.05,446.01,ACK,Brute Force
flow_0024,203.216.32.99,58450,93.162.67.100,22,ICMP,14/01/2024 16:51,9999999.0,,242.0,1073.67,3412.78,218.6,771359.66,,SYN,DDoS
flow_0025,120.128.5.175,99999,221.215.187.140,80,ICMP,01-30-2024 08:13:26,9999999.0,274.0,,1316.83,3219.33,3276.04,258649.05,990.98,FIN,BENIGN
flow_0026,175.136.174.29,-1,175.88.241.245,53,Tcp,01-07-2024 04:25:29,48867.0,,426.0,1080.67,1224.08,1462.06,603636.05,793.64,ACK,Brute Force
flow_0028,185.134.91.130,99999,18.7.134.56,53,,06/01/2024 04:38,,-5.0,266.0,466.0,1453.3,384.02,473547.29,321.88,SYN,ddos
flow_0030,42.0.165.126,99999,74.212.216.180,22,HTTP,04/01/2024 10:37,9999999.0,,,268.72,1941.11,3676.09,785494.72,844.72,,ddos
flow_0033,146.40.43.188,99999,236.104.79.138,21,HTTP,2024-01-21 01:41:41,9999999.0,-5.0,296.0,1134.81,2324.26,3901.04,337115.69,227.57,SYN,Brute Force
flow_0034,18.64.65.169,33505,84.200.33.80,443,HTTP,01-12-2024 19:55:14,9999999.0,,43.0,152.36,3658.89,3268.22,590153.02,101.3,,BENIGN
flow_0035,141.84.135.136,-1,179.223.122.15,22,ICMP,08/01/2024 17:16,18293.0,-5.0,469.0,1079.33,4612.45,1337.68,812835.11,639.45,,PortScan
flow_0036,109.108.102.183,99999,63.44.222.30,62996,ICMP,2024-01-19 15:10:42,-999.0,-5.0,,1394.87,997.35,2517.23,454989.36,497.19,ACK,DDoS
flow_0037,172.191.224.231,-1,117.28.158.171,8080,,2024-01-17 12:57:38,9999999.0,-5.0,455.0,1154.14,1586.42,4502.13,,382.7,RST,DDoS
flow_0038,31.126.115.17,99999,190.89.61.4,53,tcp,29/01/2024 16:31,,,400.0,401.29,2431.48,3109.36,,707.4,SYN,PortScan
flow_0040,162.30.117.18,-1,128.177.132.43,80,HTTP,01-17-2024 14:41:34,11593.0,45.0,,220.92,191.41,4879.69,369296.42,754.77,ACK,ddos
flow_0041,221.169.36.132,-1,96.64.137.188,80,tcp,2024-01-12 11:08:23,,70.0,,1093.61,2349.84,3709.54,674996.28,322.76,ACK,benign
flow_0043,240.242.124.201,99999,207.219.139.135,443,tcp,28/01/2024 20:58,9999999.0,418.0,346.0,1399.03,,709.81,293239.69,700.23,ACK,Brute Force
flow_0044,105.97.48.25,32056,17.134.39.128,8080,UDP,01-06-2024 13:11:44,-999.0,357.0,286.0,909.01,1901.42,3491.71,446770.15,756.77,PSH,DDoS
flow_0045,91.216.210.120,56686,117.184.28.128,15069,udp,29/01/2024 22:28,-999.0,440.0,,577.98,1807.46,2268.81,35615.08,397.97,FIN,ddos
flow_0046,14.50.31.104,99999,220.85.188.41,21,HTTP,01-16-2024 19:05:34,,,205.0,1109.28,2367.05,2494.54,731904.31,198.62,FIN,Brute Force
flow_0048,115.71.216.47,60972,190.1.22.220,53,UDP,09/01/2024 13:15,,333.0,119.0,1287.09,3418.36,1920.88,534985.2,404.64,,ddos
flow_0049,64.38.226.207,-1,221.6.125.12,8080,UDP,2024-01-20 16:47:02,,-5.0,,350.86,3178.44,422.47,144644.32,715.89,,BENIGN
flow_0050,141.50.25.167,-1,121.186.196.236,22,HTTP,2024-01-30 01:01:20,9999999.0,-5.0,,149.77,346.3,3048.74,892716.68,396.76,RST,BENIGN
flow_0051,215.7.47.238,99999,39.91.18.142,22,HTTP,29/01/2024 22:51,29428.0,98.0,450.0,1116.06,1491.68,4313.86,458030.88,103.63,SYN,DDoS
flow_0052,61.85.208.125,-1,206.214.114.83,21,Tcp,16/01/2024 21:27,-999.0,,173.0,1122.03,4356.45,222.08,918775.13,814.57,PSH,DDoS
flow_0053,222.205.30.43,-1,64.213.163.70,8080,Tcp,2024-01-03 23:37:55,,,,564.25,3348.22,922.13,932266.32,293.91,FIN,DDoS
flow_0054,253.199.135.238,-1,212.39.190.31,22,tcp,2024-01-11 13:32:09,9999999.0,217.0,300.0,1432.02,4152.75,261.3,569068.28,82.21,RST,ddos
flow_0055,117.146.216.179,43406,129.26.91.58,53,Tcp,01-29-2024 04:38:37,,60.0,55.0,22.48,4508.21,2707.75,,442.54,SYN,benign
flow_0056,201.249.79.49,-1,206.23.205.18,443,Tcp,2024-01-01 00:12:53,-999.0,463.0,6.0,812.69,3765.88,129.96,146750.45,,,benign
flow_0057,248.29.31.192,-1,225.238.144.199,22,TCP,08/01/2024 05:50,-999.0,-5.0,303.0,1470.18,1746.38,4465.85,637814.48,667.52,,BENIGN
flow_0058,13.244.80.15,99999,217.159.167.23,443,udp,26/01/2024 18:57,3728.0,,463.0,560.24,2377.5,4537.25,381913.0,494.49,,Brute Force
flow_0059,21.95.35.153,48510,142.233.4.95,53,ICMP,01-19-2024 22:21:45,9999999.0,242.0,,1198.92,803.45,2954.79,78764.87,983.26,RST,Brute Force
flow_0060,221.120.206.31,-1,52.149.155.190,443,Tcp,29/01/2024 01:20,,,,910.39,1773.46,1704.72,749267.0,225.83,PSH,PortScan
flow_0062,169.161.133.53,99999,152.252.100.188,443,ICMP,16/01/2024 08:51,9999999.0,,95.0,701.69,,3646.13,256858.0,,SYN,ddos
flow_0063,81.122.135.102,3615,231.125.77.2,8080,,01-28-2024 16:25:12,9999999.0,,70.0,1415.48,2985.64,285.59,882925.36,20.77,ACK,Brute Force
flow_0064,166.153.234.81,99999,239.209.12.60,443,TCP,15/01/2024 18:49,90996.0,,30.0,759.75,3339.81,1940.55,433435.28,837.93,PSH,BENIGN
flow_0065,240.37.4.118,99999,139.177.4.244,443,tcp,2024-01-17 17:05:50,48916.0,5.0,,910.17,1618.66,3389.85,191643.64,551.23,SYN,ddos
flow_0066,145.51.37.138,37648,86.0.192.218,22,tcp,2024-01-29 06:55:34,-999.0,-5.0,,1004.72,4694.85,4689.88,303201.42,412.32,ACK,benign
flow_0067,68.67.178.226,32441,189.157.53.53,443,Tcp,01-30-2024 16:26:18,76238.0,,159.0,1060.39,3683.6,2863.01,854243.65,580.9,ACK,ddos
flow_0068,63.189.145.41,-1,136.121.214.126,13289,ICMP,2024-01-20 14:55:26,,,,477.16,752.53,2594.56,798954.1,888.6,PSH,PortScan
flow_0069,140.154.4.171,20893,247.30.72.183,16365,UDP,2024-01-15 06:44:59,-999.0,-5.0,,202.73,737.43,1906.46,472918.4,746.79,RST,ddos
flow_0070,77.53.68.68,14905,72.47.22.236,22,UDP,01-18-2024 22:10:33,-999.0,-5.0,,1065.65,568.03,4623.31,436945.63,981.92,SYN,benign
flow_0071,28.79.139.73,99999,60.211.190.118,10224,TCP,2024-01-03 13:53:52,,,496.0,1246.46,2031.93,75.92,778308.97,263.56,FIN,BENIGN
flow_0072,184.175.104.176,99999,250.43.48.130,80,tcp,28/01/2024 04:28,9999999.0,,265.0,1062.13,18.38,4754.84,671439.64,900.05,,Brute Force
flow_0073,68.250.128.232,-1,35.201.38.152,80,ICMP,06/01/2024 07:48,,,29.0,1472.09,4162.55,1249.66,909746.41,320.15,SYN,Brute Force
flow_0074,14.47.216.213,60952,146.31.222.170,8080,udp,2024-01-02 12:19:58,,-5.0,259.0,1245.27,2246.64,1687.66,272679.4,958.09,PSH,BENIGN
flow_0075,1.170.66.164,99999,247.66.121.75,53,TCP,01-21-2024 22:59:06,38228.0,-5.0,,1104.33,487.23,3077.74,18718.95,859.94,FIN,PortScan
flow_0076,42.226.218.144,47146,67.161.201.180,435,Tcp,29/01/2024 15:35,-999.0,-5.0,100.0,1056.6,4895.16,3296.15,129766.94,246.9,PSH,Brute Force
flow_0078,227.76.18.214,-1,70.119.38.242,80,udp,19/01/2024 13:58,-999.0,-5.0,402.0,741.51,1887.78,621.53,318159.39,784.22,RST,ddos
flow_0079,142.75.220.33,-1,52.69.55.40,21,,19/01/2024 12:33,,-5.0,174.0,1476.9,4761.88,1604.95,18072.92,475.74,ACK,Brute Force
flow_0080,94.20.183.54,-1,28.84.230.120,53,,2024-01-27 11:06:33,,,,1275.81,2884.18,893.92,63722.46,807.25,ACK,BENIGN
flow_0081,171.52.181.200,99999,81.208.61.138,21,TCP,09/01/2024 10:02,,,,830.96,,2199.55,712033.6,720.11,PSH,BENIGN
flow_0082,224.208.79.237,-1,92.106.231.79,53,Tcp,2024-01-07 18:01:37,,284.0,,1023.29,80.96,4829.43,587914.16,644.97,SYN,BENIGN
flow_0083,222.83.90.226,-1,119.135.61.24,22,tcp,27/01/2024 23:06,18837.0,-5.0,,1141.42,2510.43,4221.63,328752.02,985.08,,PortScan
flow_0084,46.170.210.206,-1,41.155.20.56,443,tcp,18/01/2024 11:45,,,,801.21,3496.59,292.92,929872.7,574.26,,ddos
flow_0085,189.127.136.41,31564,214.167.75.24,64514,tcp,08/01/2024 11:44,9999999.0,,,1050.64,2279.99,1382.23,,618.81,PSH,PortScan
flow_0086,28.195.19.220,99999,183.127.182.102,53,udp,2024-01-07 02:16:31,,-5.0,83.0,1287.25,1761.06,1570.13,822628.7,436.18,FIN,Brute Force
flow_0087,52.235.179.79,-1,132.25.153.67,21,,2024-01-01 13:31:05,21368.0,,232.0,213.73,2615.85,899.02,854355.99,171.34,FIN,Brute Force
flow_0088,224.116.114.7,60945,210.89.15.244,14556,ICMP,2024-01-01 18:18:03,-999.0,,253.0,878.97,566.9,1380.72,532240.37,559.0,PSH,benign
flow_0089,103.168.142.222,-1,104.231.127.25,443,TCP,01-24-2024 15:02:53,-999.0,11.0,471.0,1277.72,2141.92,636.11,390061.25,347.6,FIN,DDoS
flow_0090,198.142.179.165,28151,119.52.71.32,53,HTTP,2024-01-22 04:49:59,24696.0,-5.0,327.0,697.15,2974.46,734.51,660698.49,147.88,PSH,DDoS
flow_0091,174.169.14.30,37889,4.31.113.34,21,TCP,2024-01-05 02:38:24,9999999.0,,354.0,223.59,1907.82,247.9,78608.52,65.41,RST,BENIGN
flow_0092,67.91.135.10,49602,51.205.190.176,53,udp,21/01/2024 04:30,10013.0,,238.0,450.8,3442.75,192.51,984947.2,569.75,ACK,BENIGN
flow_0093,112.176.160.112,-1,162.43.132.235,53,ICMP,30/01/2024 08:12,17200.0,-5.0,,342.84,1416.24,4302.85,748010.9,727.76,ACK,DDoS
flow_0094,131.59.197.231,99999,209.38.11.17,21,TCP,09/01/2024 17:28,,-5.0,,1108.27,4625.68,209.78,304032.73,490.81,PSH,BENIGN
flow_0095,66.22.223.1,99999,51.227.65.24,8080,udp,25/01/2024 17:30,,-5.0,,99999.9,4976.82,304.06,451499.18,942.75,FIN,benign
flow_0096,207.100.186.111,-1,232.169.62.11,443,tcp,27/01/2024 19:11,9999999.0,-5.0,,170.88,519.06,1295.27,155900.5,215.2,FIN,DDoS
flow_0097,171.169.160.170,11012,242.236.25.44,80,udp,19/01/2024 16:13,,-5.0,94.0,1290.48,3081.3,3391.94,624265.14,538.4,ACK,ddos
flow_0098,185.153.158.171,22642,237.221.202.128,53,TCP,2024-01-11 23:00:26,,,185.0,1474.4,2482.02,1766.68,415392.99,330.53,FIN,DDoS
flow_0099,104.151.65.50,99999,8.195.218.45,22,,01-21-2024 14:53:42,3769.0,,,268.97,4636.14,3002.89,751388.41,875.97,FIN,Brute Force
flow_0100,241.194.89.158,55639,91.109.95.71,80,TCP,01-01-2024 08:39:23,-999.0,-5.0,15.0,546.26,2220.52,387.4,744052.02,144.23,RST,ddos
flow_0101,104.0.155.74,99999,72.228.76.9,8080,UDP,01-25-2024 04:23:41,-999.0,,,1418.69,163.18,2555.18,375284.34,681.32,SYN,benign
flow_0102,202.164.238.114,99999,158.125.151.128,21,HTTP,01-12-2024 11:50:01,-999.0,-5.0,225.0,782.84,2103.2,1628.95,378428.84,6.78,,PortScan
flow_0103,55.242.86.169,-1,106.245.31.23,80,udp,25/01/2024 08:33,-999.0,-5.0,,662.06,2273.15,4113.46,123494.01,712.11,FIN,benign
flow_0104,132.171.47.210,-1,72.196.70.108,22,Tcp,01-20-2024 22:39:38,-999.0,,22.0,1089.37,977.8,3209.44,211305.17,119.68,RST,PortScan
flow_0105,61.158.115.207,99999,52.127.9.254,40160,UDP,28/01/2024 23:29,9999999.0,410.0,101.0,195.83,622.2,715.4,289348.98,613.85,SYN,Brute Force
flow_0106,7.23.125.252,99999,98.183.245.140,443,TCP,2024-01-02 14:59:09,90546.0,319.0,145.0,467.98,4570.15,3940.82,766874.64,730.38,RST,BENIGN
flow_0108,148.99.196.127,99999,145.164.198.70,22,HTTP,2024-01-18 21:25:30,9999999.0,384.0,368.0,1168.26,3705.77,2353.43,352024.62,758.82,,ddos
flow_0109,38.2.54.200,-1,47.13.163.153,53,tcp,29/01/2024 04:03,-999.0,,173.0,1012.69,,3109.58,900458.91,181.24,,DDoS
flow_0110,46.237.25.143,12116,57.15.143.15,22,HTTP,2024-01-04 21:16:49,14131.0,67.0,91.0,706.24,1119.68,223.05,770499.67,494.98,PSH,benign
flow_0111,218.62.233.35,99999,208.241.183.197,21,UDP,26/01/2024 13:18,86479.0,103.0,11.0,585.51,4398.04,4559.36,664234.58,89.11,RST,Brute Force
flow_0112,171.162.226.157,33026,150.119.81.26,443,Tcp,01-23-2024 13:41:24,61483.0,,,678.78,4192.42,,633122.58,574.0,ACK,BENIGN
flow_0113,229.218.228.230,99999,64.123.136.137,8080,,01-04-2024 19:08:59,33162.0,,466.0,,2073.58,4040.17,502304.67,387.45,ACK,benign
flow_0114,221.243.230.67,43085,209.28.112.148,22,UDP,2024-01-30 14:47:01,,,10.0,744.04,4500.94,3904.37,225099.21,696.42,SYN,BENIGN
flow_0115,216.141.248.161,35361,217.198.181.240,23926,ICMP,12/01/2024 21:42,87501.0,156.0,194.0,774.43,77.65,2907.43,756828.18,343.3,SYN,DDoS
flow_0116,113.39.146.61,56013,215.88.90.61,22,tcp,01-04-2024 18:58:19,98900.0,-5.0,173.0,99999.9,1872.03,1074.34,924550.33,355.16,RST,DDoS
flow_0117,82.41.70.39,99999,152.162.183.234,443,,01-27-2024 04:12:37,-999.0,25.0,,729.66,4100.17,163.0,873341.9,879.06,SYN,DDoS
flow_0118,178.78.109.17,4203,152.14.180.243,443,TCP,01-16-2024 04:05:18,-999.0,,,159.94,1675.45,1905.45,3337.38,184.57,,PortScan
flow_0119,85.238.212.16,28050,146.72.96.215,53,TCP,03/01/2024 13:29,,-5.0,,588.26,4964.15,392.22,762934.9,226.64,ACK,DDoS
flow_0120,108.199.10.220,99999,253.252.158.45,443,tcp,2024-01-26 23:21:32,3835.0,82.0,338.0,1060.05,4867.45,4677.59,683351.78,633.01,ACK,ddos
flow_0121,148.194.244.2,16191,126.19.46.15,80,udp,23/01/2024 18:16,,-5.0,,205.35,3222.17,2517.48,580157.83,751.82,PSH,ddos
flow_0122,77.199.214.138,47369,60.112.10.135,22,Tcp,25/01/2024 21:17,,17.0,449.0,1076.38,4006.66,2741.17,418269.58,20.4,,Brute Force
flow_0123,140.112.249.57,1623,123.0.169.235,443,,01-28-2024 20:43:04,-999.0,,60.0,815.52,644.35,3665.23,29041.0,982.01,,BENIGN
flow_0124,125.14.199.87,-1,158.103.66.88,21,HTTP,17/01/2024 02:14,-999.0,-5.0,451.0,1057.1,4886.78,2638.78,609706.06,373.15,FIN,PortScan
flow_0125,205.207.84.216,25482,184.90.165.16,21,ICMP,18/01/2024 03:10,66179.0,117.0,406.0,1229.85,4520.86,2361.65,80505.82,963.6,,BENIGN
flow_0126,33.13.201.152,99999,6.75.72.199,443,TCP,2024-01-15 00:57:08,12989.0,288.0,,804.53,2187.01,2205.09,408775.27,4.66,,benign
flow_0128,47.25.133.98,-1,181.202.51.87,21,Tcp,01-30-2024 00:17:49,-999.0,,,1231.86,3157.21,1220.14,569306.15,563.36,PSH,BENIGN
flow_0129,117.167.172.195,-1,78.165.69.250,80,Tcp,01-15-2024 18:16:05,-999.0,394.0,500.0,1135.19,4215.15,3838.22,90966.44,955.71,FIN,BENIGN
flow_0130,72.215.129.214,2054,41.223.249.167,21,udp,28/01/2024 08:45,98830.0,-5.0,471.0,994.7,1301.15,2279.11,742965.37,620.87,FIN,benign
flow_0131,5.26.179.58,99999,82.89.182.58,443,tcp,01-03-2024 23:33:24,95072.0,137.0,390.0,1295.77,4743.5,577.08,654116.04,218.37,RST,ddos
flow_0132,200.20.15.244,27981,171.89.193.79,65246,udp,01-23-2024 23:16:19,9999999.0,-5.0,,27.88,466.33,3663.99,863438.27,872.1,SYN,PortScan
flow_0133,215.10.78.62,99999,188.150.65.46,53,TCP,01-09-2024 04:59:29,-999.0,-5.0,404.0,485.16,3144.47,1809.41,161379.27,599.72,,benign
flow_0134,172.58.111.120,-1,187.0.200.218,8080,udp,01-03-2024 12:08:29,57627.0,-5.0,167.0,99999.9,139.09,2528.22,874650.2,891.44,,benign
flow_0135,197.188.85.156,-1,198.16.93.155,20692,HTTP,01-15-2024 03:55:01,,-5.0,,258.59,4602.97,3266.65,937140.89,879.67,ACK,BENIGN
flow_0136,192.58.83.247,99999,82.113.53.240,22,TCP,02/01/2024 07:48,9999999.0,,446.0,1280.15,1912.02,2244.84,322724.2,148.85,PSH,PortScan
flow_0138,246.192.203.242,-1,20.121.177.252,53,tcp,01-07-2024 03:45:27,53422.0,493.0,107.0,558.07,3157.51,626.41,461179.59,,ACK,DDoS
flow_0139,20.124.52.179,53857,82.85.45.211,21,ICMP,04/01/2024 17:33,,500.0,,646.12,1198.61,3882.24,603248.99,958.03,PSH,PortScan
flow_0140,218.61.21.89,8037,182.171.228.3,8080,Tcp,2024-01-13 05:39:38,9999999.0,-5.0,404.0,20.13,1484.61,2923.78,796753.56,807.2,SYN,DDoS
flow_0142,4.215.250.28,16816,18.179.131.202,14121,ICMP,14/01/2024 08:39,,-5.0,,1178.55,3930.24,1569.22,604006.8,180.42,SYN,Brute Force
flow_0144,134.138.247.120,-1,113.214.85.227,8080,HTTP,01-06-2024 09:57:52,73024.0,54.0,,1048.75,4674.88,2880.06,462212.23,603.5,ACK,DDoS
flow_0145,188.137.165.219,-1,106.252.193.90,21,tcp,01-09-2024 11:26:23,,323.0,,1479.31,3191.93,3863.22,6883.31,920.0,FIN,DDoS
flow_0146,240.44.142.226,-1,140.192.51.213,22,HTTP,01-08-2024 08:05:08,64711.0,446.0,,816.55,517.1,4382.03,,928.61,ACK,ddos
flow_0147,193.237.194.87,-1,123.115.83.116,22,tcp,22/01/2024 16:23,,,,166.53,2979.47,,519767.52,388.85,RST,Brute Force
flow_0149,47.249.108.91,99999,82.133.53.19,36536,HTTP,12/01/2024 11:11,9999999.0,-5.0,,463.57,463.89,4650.63,957574.82,338.34,RST,Brute Force
flow_0150,88.143.141.143,-1,88.87.192.42,22,udp,01-09-2024 18:39:28,9999999.0,-5.0,326.0,1436.99,1806.99,631.99,537341.45,239.45,,DDoS
flow_0152,22.123.208.126,99999,153.247.15.111,22,,2024-01-05 02:20:05,24744.0,446.0,458.0,210.17,109.78,3450.23,714764.22,358.32,RST,DDoS
flow_0153,62.243.251.115,50804,242.84.222.41,8080,ICMP,2024-01-29 21:51:32,,-5.0,231.0,130.05,4796.09,661.89,827753.83,921.12,RST,Brute Force
flow_0154,24.150.113.104,-1,14.51.169.53,53,tcp,25/01/2024 01:49,23500.0,,202.0,585.04,3436.68,4593.12,811662.39,909.67,PSH,benign
flow_0155,79.188.242.142,-1,250.97.209.179,53,ICMP,2024-01-19 14:25:18,9999999.0,420.0,,612.09,1567.92,1771.84,725150.54,839.06,ACK,ddos
flow_0156,109.169.180.180,-1,142.135.144.77,8080,tcp,01-22-2024 08:51:09,88092.0,63.0,,396.19,4042.75,2784.7,,519.84,RST,ddos
flow_0157,79.128.118.31,99999,61.49.25.101,53,ICMP,2024-01-09 02:53:56,9999999.0,,292.0,1047.88,50.7,595.15,511559.7,320.55,RST,benign
flow_0160,50.151.116.93,-1,76.245.102.25,8080,HTTP,2024-01-13 20:02:35,9999999.0,,68.0,305.09,4968.7,226.19,825228.59,200.93,FIN,BENIGN
flow_0161,4.64.140.12,-1,7.105.87.164,21,ICMP,2024-01-03 13:11:38,91099.0,259.0,,992.83,3070.02,1774.79,111783.73,447.9,,DDoS
flow_0162,142.149.64.164,38107,75.41.242.217,8080,ICMP,23/01/2024 12:36,-999.0,,,915.32,791.94,2044.37,412893.05,944.25,ACK,ddos
flow_0163,126.52.6.147,99999,30.157.203.121,80,Tcp,24/01/2024 02:51,,-5.0,117.0,247.17,4632.92,4174.02,912974.59,435.14,SYN,DDoS
flow_0165,65.244.58.211,16081,140.198.94.95,21,UDP,2024-01-26 20:25:54,9999999.0,-5.0,,99999.9,,917.25,642035.57,561.25,SYN,benign
flow_0166,126.37.27.39,99999,227.195.189.48,443,ICMP,01-19-2024 10:29:59,-999.0,341.0,,419.79,761.73,4581.71,899195.31,305.9,SYN,DDoS
flow_0169,116.226.152.221,4075,69.31.77.193,22,TCP,26/01/2024 18:00,9999999.0,,,1365.68,3638.72,3247.02,787373.95,41.63,SYN,BENIGN
flow_0170,110.156.30.157,-1,179.49.43.172,8080,Tcp,01/01/2024 13:49,9999999.0,,195.0,236.57,1337.95,2192.94,568231.19,307.12,SYN,Brute Force
flow_0171,26.106.108.68,99999,89.211.116.142,53,HTTP,22/01/2024 18:54,9999999.0,,,425.0,4766.15,2940.4,761322.74,900.28,FIN,benign
flow_0172,41.122.88.142,99999,16.198.214.248,26528,HTTP,01-16-2024 07:48:14,,-5.0,,1469.64,2757.49,484.49,288430.43,640.93,SYN,BENIGN
flow_0173,1.209.230.177,3180,138.243.120.122,80,udp,2024-01-02 23:47:20,9999999.0,-5.0,330.0,1428.64,3725.97,1705.59,370851.12,534.29,FIN,benign
flow_0174,75.16.118.74,-1,77.40.202.232,443,,01-26-2024 19:00:05,14160.0,186.0,183.0,202.79,2563.28,4486.51,291218.3,,RST,DDoS
flow_0175,180.232.36.176,2050,219.17.75.31,443,udp,18/01/2024 04:14,9999999.0,227.0,150.0,1315.76,965.27,4220.33,158302.45,188.24,RST,DDoS
flow_0176,68.101.217.30,39495,244.229.88.243,22,ICMP,01-30-2024 15:16:02,-999.0,395.0,,1214.06,3435.29,1614.0,475284.84,52.44,,ddos
flow_0178,16.84.157.153,-1,50.64.21.109,22,UDP,14/01/2024 02:57,3895.0,484.0,50.0,437.36,2918.24,4069.94,695082.52,523.98,ACK,Brute Force
flow_0180,78.206.139.129,20637,161.75.132.82,22,ICMP,29/01/2024 08:36,9999999.0,,19.0,-1.0,4768.81,2595.67,636762.33,910.66,SYN,ddos
flow_0181,113.41.20.228,37983,234.34.44.100,21,TCP,01-23-2024 09:13:49,88880.0,396.0,170.0,596.55,4414.29,3077.39,,949.96,FIN,PortScan
flow_0182,83.128.13.24,-1,143.203.166.220,51182,udp,01-12-2024 17:42:49,9999999.0,223.0,,1117.12,3735.4,1423.95,148363.36,712.41,ACK,DDoS
flow_0184,194.89.240.133,-1,180.214.57.107,53,tcp,26/01/2024 05:47,,-5.0,,1277.45,2146.56,4426.75,745457.24,640.42,ACK,PortScan
flow_0185,235.142.92.150,99999,39.75.51.237,21,tcp,09/01/2024 17:37,81522.0,-5.0,97.0,208.81,1869.8,4588.47,405844.63,,RST,Brute Force
flow_0186,209.251.46.121,99999,28.51.146.223,443,TCP,2024-01-27 14:00:53,99637.0,-5.0,,99999.9,321.33,3767.34,170410.13,206.03,,BENIGN
flow_0188,106.253.147.170,99999,99.248.242.10,443,UDP,01/01/2024 13:56,-999.0,-5.0,,859.99,2934.35,1034.22,314296.23,,SYN,Brute Force
flow_0189,209.18.232.23,-1,45.141.206.37,443,,01-05-2024 17:49:38,9999999.0,,,1379.29,4133.43,3774.32,865408.69,813.64,FIN,BENIGN
flow_0191,253.0.236.106,29669,228.169.121.13,8080,,22/01/2024 15:33,,-5.0,420.0,1023.76,149.7,4799.28,175387.36,826.57,,PortScan
flow_0193,14.104.136.141,99999,96.10.172.210,443,ICMP,14/01/2024 18:03,9999999.0,,,543.92,1788.72,,342367.0,,FIN,Brute Force
flow_0194,74.224.248.32,99999,204.155.159.72,21,HTTP,2024-01-10 08:57:14,9999999.0,-5.0,116.0,444.49,3284.77,128.89,224309.99,246.17,SYN,BENIGN
flow_0196,205.122.81.80,-1,223.116.68.77,21,,2024-01-05 11:07:09,9999999.0,,242.0,1387.24,1592.95,3660.45,649996.66,570.54,FIN,ddos
flow_0197,142.208.47.58,99999,250.226.164.69,80,ICMP,01-29-2024 20:13:17,60248.0,-5.0,,960.74,,4155.19,459321.71,626.19,ACK,ddos
flow_0198,234.58.236.243,-1,187.213.45.49,1728,ICMP,01-11-2024 12:37:08,-999.0,313.0,,472.38,2326.88,548.07,906302.03,878.68,FIN,PortScan
flow_0199,214.78.255.239,33176,114.108.208.190,53,tcp,01-06-2024 21:53:44,,,174.0,1270.96,4493.72,4223.72,845745.93,272.61,RST,Brute Force
flow_0200,131.139.212.214,99999,125.191.28.132,80,tcp,2024-01-06 19:47:00,-999.0,-5.0,160.0,133.51,1927.95,2161.33,524118.33,415.89,ACK,Brute Force
flow_0201,121.124.233.142,-1,203.81.33.80,22,TCP,2024-01-30 08:30:36,9999999.0,-5.0,,158.58,2636.31,4322.51,202529.98,278.09,SYN,benign
flow_0204,69.1.144.186,-1,225.102.29.64,21,udp,01-06-2024 09:08:37,63891.0,,191.0,35.83,374.12,3966.6,553284.48,395.47,,DDoS
flow_0205,151.250.76.115,99999,9.233.25.236,443,HTTP,09/01/2024 22:40,9999999.0,-5.0,295.0,1022.01,2108.75,1635.58,741257.89,449.13,SYN,ddos
flow_0206,89.170.193.117,20381,93.101.140.95,8080,tcp,15/01/2024 07:11,9999999.0,208.0,156.0,221.91,1588.92,1380.54,970437.22,222.97,RST,DDoS
flow_0207,223.96.122.147,47758,211.237.203.163,21,tcp,01-04-2024 16:12:48,-999.0,,,1033.98,985.62,2564.22,566702.16,115.28,ACK,Brute Force
flow_0208,220.210.22.82,-1,237.63.15.62,443,tcp,23/01/2024 00:18,66412.0,44.0,173.0,807.97,2493.25,3534.05,256072.07,488.54,SYN,benign
flow_0210,211.77.253.247,99999,246.242.179.89,443,ICMP,16/01/2024 16:47,9999999.0,-5.0,,1250.47,855.7,4661.84,245087.05,256.5,SYN,benign
flow_0211,129.169.51.224,99999,42.132.46.73,80,,2024-01-08 20:42:14,,-5.0,,-1.0,1914.29,1587.64,456066.05,930.62,,Brute Force
flow_0212,26.233.7.185,-1,8.197.25.42,22,,2024-01-14 11:03:47,,451.0,166.0,1129.51,1425.18,3305.65,,536.26,ACK,ddos
flow_0215,85.194.162.161,-1,105.10.4.122,30618,tcp,13/01/2024 12:52,,-5.0,,801.6,4208.21,1881.05,906140.97,884.03,,ddos
flow_0216,195.249.18.159,-1,234.67.88.154,22,HTTP,09/01/2024 15:18,45727.0,,,918.91,4479.15,3366.74,302760.85,554.75,PSH,DDoS
flow_0217,162.147.116.192,-1,206.4.114.65,21,HTTP,04/01/2024 08:51,,,195.0,1018.29,195.6,757.17,243940.6,127.12,FIN,DDoS
flow_0218,251.50.51.114,7723,156.156.140.109,8080,TCP,01-10-2024 17:47:47,49882.0,-5.0,,794.8,347.27,3667.8,477282.3,468.96,FIN,benign
flow_0219,77.14.23.84,6745,230.192.178.118,443,HTTP,2024-01-20 01:27:08,,82.0,,131.18,4012.57,992.86,881640.71,228.65,SYN,benign
flow_0220,76.183.191.111,-1,65.111.238.78,53,Tcp,2024-01-24 21:17:17,9999999.0,-5.0,,780.25,1373.37,4754.16,790016.13,184.48,,PortScan
flow_0221,136.210.92.44,99999,174.203.52.2,8080,HTTP,01-07-2024 23:37:25,46041.0,,,645.63,2001.72,3747.23,478299.04,806.41,PSH,Brute Force
flow_0223,37.118.236.164,7793,176.55.246.17,53,UDP,01-30-2024 19:19:21,-999.0,,,1372.79,1966.64,2788.69,589375.87,142.76,SYN,BENIGN
flow_0224,66.4.238.231,-1,87.141.166.221,53,,06/01/2024 03:47,,259.0,47.0,817.9,2272.91,890.58,299960.96,41.05,,Brute Force
flow_0225,140.80.37.114,37345,71.133.152.49,8080,,2024-01-13 13:45:09,77664.0,375.0,53.0,194.44,4835.76,1315.37,,766.79,,benign
flow_0226,253.153.217.177,99999,39.123.29.207,22,TCP,2024-01-02 16:36:57,90176.0,,,454.45,1869.53,2919.49,111523.9,210.43,ACK,BENIGN
flow_0227,217.154.101.99,-1,220.206.163.175,22,tcp,01-04-2024 10:02:10,39965.0,-5.0,13.0,1112.28,146.44,2421.17,777395.86,568.8,ACK,Brute Force
flow_0228,28.121.195.147,-1,36.13.254.76,53,HTTP,13/01/2024 03:57,-999.0,,101.0,341.85,51.98,900.32,805765.86,341.35,SYN,BENIGN
flow_0229,76.151.11.251,-1,67.214.207.100,14886,TCP,01/01/2024 21:51,,64.0,,1401.0,1614.3,1159.47,456254.44,921.84,RST,benign
flow_0230,102.140.4.145,-1,189.18.97.88,21,HTTP,01-08-2024 05:25:40,9999999.0,-5.0,145.0,1242.08,2178.41,2425.3,,200.65,,BENIGN
flow_0231,200.25.254.214,52087,186.113.243.233,22,TCP,2024-01-01 01:00:39,9999999.0,482.0,,-1.0,955.8,1961.05,492605.14,391.31,RST,ddos
flow_0233,159.128.70.161,60347,44.92.150.25,22,udp,01-08-2024 08:38:07,34946.0,-5.0,232.0,28.72,4947.83,561.84,951435.7,183.96,SYN,DDoS
flow_0235,149.186.67.24,99999,207.93.171.168,34297,HTTP,2024-01-28 21:30:15,77068.0,174.0,,537.59,3924.72,4846.81,275288.35,871.34,RST,ddos
flow_0236,84.212.89.52,25975,23.113.181.58,49696,udp,01-26-2024 00:27:52,9999999.0,-5.0,,615.06,4735.72,3312.09,308804.02,245.78,RST,BENIGN
flow_0237,139.187.139.213,-1,191.157.215.202,22,udp,24/01/2024 19:40,9999999.0,-5.0,200.0,-1.0,1646.64,2323.68,977229.0,556.85,RST,PortScan
flow_0238,234.246.151.192,-1,228.169.190.67,21,,22/01/2024 04:02,42260.0,-5.0,56.0,145.42,4062.43,567.68,487580.44,964.18,ACK,PortScan
flow_0239,206.58.239.247,33341,150.150.237.218,80,ICMP,01-04-2024 09:40:19,64010.0,-5.0,,247.49,851.69,3524.09,974354.39,684.76,SYN,Brute Force
flow_0240,194.115.203.248,5170,31.240.27.222,21,HTTP,2024-01-11 23:07:50,-999.0,-5.0,244.0,741.37,2303.47,2418.69,163130.87,534.27,PSH,PortScan
flow_0241,143.187.46.203,-1,163.36.241.228,62060,udp,01-19-2024 15:53:10,9999999.0,,199.0,991.82,4309.47,2445.87,432014.92,169.92,SYN,Brute Force
flow_0242,68.63.232.95,-1,50.61.195.136,22,TCP,2024-01-24 09:38:52,,,66.0,605.13,4438.99,1174.3,925295.34,370.37,,ddos
flow_0244,96.55.119.121,-1,219.77.70.52,28210,,18/01/2024 10:10,9999999.0,-5.0,,1221.08,611.87,3914.14,182655.67,381.21,FIN,PortScan
flow_0247,211.237.154.167,99999,86.90.160.163,53,UDP,05/01/2024 09:38,-999.0,378.0,,662.26,3654.32,2209.76,530399.52,628.29,,benign
flow_0248,36.23.19.78,41438,15.2.231.71,443,ICMP,26/01/2024 22:53,,,141.0,1308.36,1319.06,4561.84,300061.42,73.92,RST,benign
flow_0249,30.49.120.228,31030,54.86.81.126,53,ICMP,04/01/2024 21:44,,-5.0,3.0,300.56,413.97,3640.93,571008.43,910.81,ACK,PortScan
flow_0250,100.232.189.172,-1,202.45.66.158,21,HTTP,01-15-2024 01:49:34,9999999.0,,228.0,-1.0,4364.36,4092.62,156387.73,644.79,FIN,PortScan
flow_0252,26.250.208.241,99999,248.244.196.2,8080,Tcp,2024-01-27 22:00:38,94071.0,-5.0,309.0,99999.9,390.08,832.68,610123.23,748.07,,Brute Force
flow_0253,9.189.111.114,-1,10.102.191.244,21,,01-19-2024 15:34:59,,,,729.36,301.33,3126.43,956706.98,612.61,FIN,benign
flow_0254,61.185.50.252,-1,4.164.97.5,21,TCP,10/01/2024 06:32,35830.0,42.0,,413.38,,3066.52,653490.63,987.98,ACK,Brute Force
flow_0255,140.183.31.102,99999,174.2.127.58,22,ICMP,2024-01-19 22:30:17,9999999.0,,,834.18,4092.56,3024.81,779754.91,919.43,ACK,Brute Force
flow_0259,142.106.110.209,99999,75.233.172.112,53,UDP,2024-01-10 04:44:31,,-5.0,,1267.73,1559.13,3834.21,353933.57,999.14,,ddos
flow_0260,85.75.1.71,-1,228.68.175.231,8080,udp,2024-01-02 17:35:29,,,200.0,182.4,769.99,3274.66,449707.88,368.08,SYN,benign
flow_0261,38.66.128.205,21614,126.183.96.43,22,Tcp,01-02-2024 05:33:06,9999999.0,-5.0,212.0,51.31,4570.63,1810.49,393542.21,,PSH,ddos
flow_0262,170.13.67.4,-1,243.206.9.59,8080,ICMP,2024-01-29 18:49:53,,,,760.0,1818.22,784.96,762222.74,143.98,RST,benign
flow_0263,202.121.165.5,-1,58.67.108.188,53,UDP,24/01/2024 17:59,9999999.0,,,370.03,4339.29,4298.61,968679.95,710.69,PSH,ddos
flow_0264,14.64.215.135,99999,6.86.63.94,22,UDP,01-04-2024 01:23:30,-999.0,,466.0,526.37,3900.11,4006.43,805370.76,226.99,,benign
flow_0265,17.243.229.200,99999,183.19.192.225,443,UDP,15/01/2024 22:31,-999.0,,357.0,1111.4,1389.19,1657.51,767048.6,840.14,RST,benign
flow_0266,152.55.231.129,99999,164.130.24.153,80,,26/01/2024 22:05,9999999.0,-5.0,201.0,448.41,1535.73,3666.67,,941.88,ACK,ddos
flow_0268,8.31.245.217,-1,177.59.213.114,80,UDP,2024-01-17 11:17:44,9999999.0,,,245.69,4380.98,,832551.74,443.89,,benign
flow_0269,176.55.251.183,-1,98.63.129.122,21,HTTP,01-17-2024 09:28:14,74202.0,422.0,341.0,389.21,1202.81,512.6,,363.56,SYN,DDoS
flow_0270,19.41.164.156,24945,180.78.105.178,21,ICMP,03/01/2024 01:52,-999.0,-5.0,357.0,1298.97,935.15,2424.5,325685.13,398.88,FIN,Brute Force
flow_0271,33.140.166.98,99999,176.4.154.108,8080,HTTP,2024-01-06 17:41:52,9999999.0,,,386.08,,1507.33,199452.15,205.92,FIN,PortScan
flow_0272,136.150.232.130,99999,170.51.138.160,21,HTTP,26/01/2024 09:28,-999.0,,210.0,313.65,2263.2,3862.06,502943.42,190.97,SYN,BENIGN
flow_0273,26.58.110.111,36782,156.70.214.213,22,TCP,2024-01-27 01:08:21,,-5.0,188.0,1218.73,4634.64,1362.29,106834.58,873.61,PSH,ddos
flow_0274,59.211.173.212,99999,231.53.60.73,443,ICMP,2024-01-29 02:59:12,9999999.0,-5.0,386.0,763.45,2157.37,3920.27,325483.04,618.88,FIN,Brute Force
flow_0275,107.48.160.110,99999,30.54.254.51,53,Tcp,2024-01-04 11:55:30,41766.0,-5.0,,1488.98,2510.95,655.97,721263.98,548.21,RST,PortScan
flow_0276,66.191.78.176,99999,156.102.134.213,443,ICMP,07/01/2024 20:57,-999.0,,,959.03,265.79,1349.99,971133.17,408.21,RST,benign
flow_0277,18.46.43.24,-1,134.103.183.181,80,ICMP,01/01/2024 22:12,,243.0,,215.8,489.06,369.45,,213.51,PSH,benign
flow_0278,191.190.66.143,-1,105.151.82.11,22,ICMP,2024-01-03 05:21:46,-999.0,383.0,106.0,,3660.01,3811.93,959731.7,108.65,ACK,benign
flow_0279,245.168.62.106,99999,141.254.106.177,8080,ICMP,2024-01-07 08:05:14,-999.0,-5.0,236.0,650.93,1470.03,73.71,249846.13,300.32,FIN,ddos
flow_0280,171.216.26.248,-1,239.246.169.61,8080,TCP,01-09-2024 08:41:04,-999.0,190.0,,154.58,2970.25,3024.36,586114.36,774.58,,BENIGN
flow_0281,80.180.53.148,-1,1.6.45.233,443,HTTP,03/01/2024 10:12,-999.0,,,622.8,2468.08,3679.37,56114.57,50.89,FIN,PortScan
flow_0282,40.246.114.217,99999,29.252.76.244,443,udp,05/01/2024 17:21,25154.0,57.0,,957.3,3405.8,971.42,537895.71,551.69,,ddos
flow_0283,217.188.58.196,20870,24.38.51.232,21,udp,2024-01-30 16:07:47,,-5.0,438.0,517.54,4794.86,1560.95,284235.33,384.29,PSH,PortScan
flow_0284,58.219.13.156,99999,66.118.233.254,22,,2024-01-29 16:36:51,9999999.0,149.0,203.0,774.6,265.69,2561.78,880849.74,180.32,PSH,PortScan
flow_0286,196.158.173.90,-1,13.51.89.224,51494,ICMP,01-25-2024 03:12:50,55314.0,,58.0,435.22,329.24,1013.33,824310.7,666.99,FIN,PortScan
flow_0288,145.205.35.37,-1,174.160.218.190,8080,ICMP,2024-01-04 01:31:42,-999.0,,,90.38,3579.12,1456.19,561836.38,155.86,,benign
flow_0289,249.15.46.192,-1,30.48.23.3,80,tcp,21/01/2024 16:34,,249.0,34.0,,506.52,4834.43,327842.11,781.86,FIN,DDoS
flow_0290,97.214.232.88,99999,219.70.87.85,80,TCP,20/01/2024 12:22,-999.0,406.0,280.0,496.03,4397.64,2416.75,660690.79,411.29,RST,PortScan
flow_0291,80.166.43.227,99999,92.224.137.225,55283,udp,01-06-2024 20:44:42,84448.0,-5.0,,434.64,1028.53,2666.02,817309.99,868.03,ACK,PortScan
flow_0292,41.25.41.70,99999,188.47.190.209,443,TCP,01-28-2024 23:03:00,9999999.0,216.0,,657.74,1738.17,86.06,140467.57,931.25,PSH,DDoS
flow_0293,109.248.226.107,-1,88.93.58.103,22,,07/01/2024 16:00,2609.0,,,747.1,2981.57,1968.23,870725.32,933.02,RST,benign
flow_0294,194.58.176.111,99999,103.233.139.214,21,,2024-01-11 08:25:59,,,430.0,185.06,471.21,2732.91,739058.24,735.32,FIN,DDoS
flow_0295,174.249.157.12,99999,99.244.215.167,53,,2024-01-29 18:59:39,,111.0,87.0,1030.78,3502.36,1120.3,361229.61,676.19,RST,PortScan
flow_0296,253.28.3.53,60950,227.85.57.34,443,TCP,2024-01-17 06:53:24,9999999.0,-5.0,310.0,212.86,1526.62,1986.74,747273.2,85.75,FIN,PortScan
flow_0297,55.70.130.75,8191,179.30.81.27,12596,,06/01/2024 20:40,47636.0,251.0,,1218.85,1193.1,1849.11,321267.13,,FIN,DDoS
flow_0299,137.117.181.19,24289,157.194.183.157,25008,tcp,01-09-2024 03:47:36,30938.0,179.0,86.0,372.61,4499.35,4048.4,971438.67,313.29,,PortScan
flow_0300,190.21.223.5,99999,8.66.247.236,80,,01-18-2024 22:59:47,74838.0,446.0,343.0,884.8,63.67,476.95,603616.89,203.01,RST,benign
flow_0301,20.160.219.147,99999,125.57.210.113,63872,,09/01/2024 00:14,,,,177.42,1670.27,4324.14,140269.94,213.01,,ddos
flow_0302,164.213.148.30,99999,12.32.133.168,443,HTTP,01-12-2024 19:51:59,65070.0,,,910.72,1319.16,1249.85,427330.93,362.94,PSH,Brute Force
flow_0303,248.166.87.206,99999,81.6.114.251,25219,,2024-01-02 23:25:03,31205.0,,183.0,99999.9,3396.01,3082.44,798097.0,583.45,RST,PortScan
flow_0304,118.185.45.112,-1,245.173.48.111,21,UDP,01-05-2024 20:28:15,,,110.0,305.53,2970.03,3615.16,60286.36,475.09,FIN,PortScan
flow_0305,63.223.205.135,-1,170.127.246.89,8080,TCP,30/01/2024 17:32,9999999.0,,457.0,165.98,2915.79,1162.15,373474.36,289.74,RST,benign
flow_0306,223.158.173.57,7967,170.197.76.215,80,tcp,2024-01-08 15:47:46,-999.0,-5.0,226.0,936.14,1237.55,1260.12,995654.46,561.89,SYN,Brute Force
flow_0307,44.39.58.136,-1,212.27.5.165,21,udp,2024-01-24 15:21:29,-999.0,-5.0,428.0,721.81,4094.63,1689.34,873080.89,152.02,PSH,ddos
flow_0308,232.178.179.187,99999,240.80.240.219,48191,tcp,2024-01-01 07:23:52,18910.0,68.0,,809.67,4952.07,1607.21,538809.39,532.31,FIN,ddos
flow_0309,166.75.120.27,99999,127.84.38.193,53,TCP,2024-01-09 17:01:52,-999.0,-5.0,227.0,209.19,2626.35,2032.67,333752.57,158.28,ACK,DDoS
flow_0311,20.90.252.119,99999,249.142.25.130,21,ICMP,01-21-2024 04:56:02,,,,1143.85,1523.01,3775.19,558290.64,689.96,FIN,benign
flow_0313,81.77.225.18,-1,61.40.235.114,22,Tcp,2024-01-07 03:50:25,,167.0,475.0,561.7,4948.97,3260.04,851485.95,146.65,RST,DDoS
flow_0316,15.188.146.20,33822,252.254.9.27,53,TCP,22/01/2024 20:46,-999.0,,,1429.62,3550.79,407.17,683953.15,170.46,,ddos
flow_0317,251.46.196.119,23631,104.211.18.143,80,udp,2024-01-12 14:45:02,-999.0,,14.0,267.06,3872.63,3496.28,465715.17,,ACK,PortScan
flow_0318,245.21.230.233,32662,141.0.46.203,21,Tcp,01-30-2024 15:19:41,9999999.0,-5.0,172.0,1451.88,4510.83,3784.43,994349.68,817.95,SYN,DDoS
flow_0319,167.96.164.155,-1,155.155.105.168,22,UDP,01-02-2024 19:49:54,,-5.0,348.0,1434.59,563.81,3740.74,330429.44,584.89,FIN,ddos
flow_0320,39.31.230.27,61353,172.233.174.94,22,TCP,01-09-2024 17:42:56,40392.0,,112.0,1459.26,3641.08,2188.01,575223.77,893.99,PSH,ddos
flow_0321,215.175.43.130,99999,212.27.114.217,80,UDP,01-25-2024 06:24:40,84593.0,,408.0,1225.51,,195.31,781112.91,946.6,,PortScan
flow_0322,11.126.224.254,-1,117.169.242.184,8080,HTTP,01-05-2024 06:33:07,96921.0,331.0,370.0,808.06,4281.33,853.61,948503.69,885.6,ACK,ddos
flow_0323,134.81.186.96,-1,169.186.231.30,80,ICMP,15/01/2024 14:55,-999.0,444.0,,130.98,708.17,2435.97,401466.07,886.49,PSH,benign
flow_0324,100.209.173.174,30864,25.113.1.88,8080,ICMP,2024-01-21 07:55:15,9999999.0,363.0,262.0,773.73,1221.84,2735.43,623689.75,134.94,FIN,benign
flow_0325,203.171.33.85,-1,91.149.191.180,22,udp,2024-01-28 01:46:46,,-5.0,,597.57,4866.45,1483.76,8537.91,393.62,PSH,PortScan
flow_0326,174.197.145.65,-1,28.23.84.127,443,ICMP,2024-01-10 07:34:58,89816.0,-5.0,165.0,326.25,3721.83,1471.12,150494.92,992.9,,DDoS
flow_0328,37.179.158.248,99999,157.100.96.31,80,Tcp,01-18-2024 13:38:44,9999999.0,331.0,,1051.15,4827.27,3075.5,532364.27,320.7,ACK,Brute Force
flow_0329,170.200.66.153,-1,239.201.110.118,25940,TCP,2024-01-25 15:19:40,9999999.0,-5.0,,1190.16,3394.01,3251.1,200331.55,948.76,PSH,benign
flow_0330,22.158.192.165,-1,212.97.173.28,80,UDP,01-23-2024 12:51:03,,44.0,61.0,1067.48,2246.35,2616.26,925356.55,602.81,ACK,benign
flow_0331,209.65.47.166,99999,194.212.23.238,80,udp,11/01/2024 02:27,-999.0,-5.0,109.0,469.05,2634.53,3070.0,714904.46,15.96,ACK,DDoS
flow_0332,131.185.9.93,8566,163.63.230.118,38082,Tcp,2024-01-03 13:49:47,-999.0,-5.0,,1068.22,3395.33,2596.9,188847.38,417.74,,BENIGN
flow_0333,244.109.174.243,-1,169.68.255.2,21,Tcp,2024-01-06 11:16:50,9999999.0,388.0,88.0,273.24,1955.13,2314.4,308481.66,851.25,RST,ddos
flow_0334,50.115.70.40,43489,136.24.221.215,53,HTTP,24/01/2024 00:43,,-5.0,,,4969.72,4635.4,533422.05,280.25,SYN,ddos
flow_0335,217.51.19.170,45401,150.247.90.178,22,UDP,2024-01-09 13:25:55,9999999.0,268.0,,966.63,205.5,4261.98,39452.59,915.93,RST,PortScan
flow_0336,197.67.192.40,99999,149.88.65.27,80,HTTP,2024-01-03 02:13:59,,,,431.08,1716.37,2621.89,348519.6,905.82,SYN,ddos
flow_0337,213.84.224.12,99999,100.164.196.108,443,UDP,18/01/2024 16:18,9999999.0,258.0,112.0,1312.61,2167.3,49.11,870556.05,238.8,PSH,DDoS
flow_0338,174.121.227.157,99999,251.127.140.102,80,udp,11/01/2024 04:11,9999999.0,-5.0,,1470.44,4840.77,751.75,658167.04,448.93,PSH,DDoS
flow_0339,192.229.119.137,-1,247.175.150.116,53,,13/01/2024 04:52,9999999.0,-5.0,,330.76,1442.04,4884.88,163288.91,40.46,SYN,benign
flow_0341,147.225.236.197,-1,155.153.160.183,80,UDP,2024-01-03 02:28:06,,141.0,453.0,1458.88,2331.59,2688.66,772345.34,80.24,SYN,ddos
flow_0343,155.70.128.14,42295,160.148.176.236,443,Tcp,2024-01-09 12:55:26,9999999.0,-5.0,,410.78,3321.6,782.27,948013.7,624.17,SYN,PortScan
flow_0344,224.190.52.183,99999,173.67.91.129,53,HTTP,02/01/2024 09:51,,228.0,52.0,1349.54,1441.3,2795.78,,19.21,FIN,DDoS
flow_0345,218.63.145.22,-1,139.165.59.195,80,tcp,2024-01-25 23:54:22,59409.0,-5.0,128.0,1478.19,77.96,3144.11,208584.35,904.53,PSH,ddos
flow_0347,243.113.230.227,99999,192.146.216.207,22,TCP,01-22-2024 14:15:14,-999.0,-5.0,,1101.11,265.97,4340.47,205632.27,696.86,ACK,Brute Force
flow_0348,7.212.27.102,58898,4.54.12.98,53,UDP,29/01/2024 03:28,9999999.0,,347.0,398.86,2151.61,1528.75,814499.42,803.15,,PortScan
flow_0349,61.197.41.96,99999,38.27.28.52,8080,UDP,2024-01-21 08:14:51,-999.0,442.0,170.0,99999.9,3.21,2016.34,175096.78,784.12,ACK,DDoS
flow_0350,82.50.171.203,-1,69.82.146.175,22,,2024-01-16 19:27:01,9999999.0,,,1171.72,1751.09,2705.08,724518.34,342.13,,Brute Force
flow_0351,10.146.241.179,99999,65.74.31.177,21,udp,06/01/2024 08:18,,,,177.54,4295.05,387.38,756606.36,719.12,,Brute Force
flow_0352,195.240.229.158,15100,201.151.104.193,443,HTTP,2024-01-12 01:23:07,41120.0,-5.0,,585.33,3844.43,3653.29,489108.43,488.83,FIN,ddos
flow_0354,66.110.76.141,54024,116.52.114.191,22,udp,2024-01-21 00:42:30,-999.0,132.0,195.0,835.3,4979.57,3984.42,190981.14,84.8,SYN,benign
flow_0355,156.216.56.199,38861,166.199.121.131,443,Tcp,2024-01-19 05:31:36,9999999.0,59.0,257.0,346.55,2926.12,3830.27,799791.21,318.61,FIN,Brute Force
flow_0356,78.62.24.62,99999,201.147.24.238,80,ICMP,04/01/2024 13:40,9999999.0,278.0,119.0,880.86,1094.29,3859.89,255284.54,113.53,,benign
flow_0357,204.234.32.29,-1,98.198.213.245,8080,,29/01/2024 09:40,-999.0,147.0,315.0,1134.29,1773.16,1386.19,456953.75,806.23,FIN,PortScan
flow_0358,128.8.123.184,22387,202.160.27.4,53,,03/01/2024 15:18,-999.0,,158.0,362.95,3185.22,4356.68,,74.41,PSH,DDoS
flow_0359,110.0.180.62,31010,191.128.103.159,53,,2024-01-08 00:52:07,,394.0,,565.59,4834.53,2367.03,857493.07,154.01,RST,PortScan
flow_0360,48.43.184.18,99999,223.226.115.234,21,ICMP,30/01/2024 14:02,-999.0,,387.0,158.66,1306.3,3916.82,945731.78,778.88,PSH,benign
flow_0361,140.10.199.224,-1,163.188.100.199,53,tcp,09/01/2024 15:27,9999999.0,,317.0,293.84,1553.68,456.69,434148.88,9.65,,BENIGN
flow_0362,163.198.191.65,99999,186.99.150.115,53,udp,2024-01-19 03:08:29,-999.0,348.0,30.0,299.51,3394.62,732.46,300694.44,,RST,PortScan
flow_0363,92.34.176.62,99999,46.38.95.247,22,tcp,01-23-2024 05:18:21,9999999.0,-5.0,,1099.63,2890.84,4373.07,84451.47,870.16,ACK,BENIGN
flow_0364,161.53.170.35,99999,45.61.193.11,21,TCP,01-10-2024 10:12:24,-999.0,,151.0,51.15,997.53,4479.77,389686.21,156.24,PSH,Brute Force
flow_0366,119.245.93.208,-1,42.130.2.85,53,TCP,10/01/2024 19:35,-999.0,366.0,104.0,919.58,427.99,3324.21,647359.62,873.4,,benign
flow_0367,184.234.18.76,-1,120.79.20.40,59931,,2024-01-07 04:12:44,9999999.0,,,126.63,3141.59,2501.88,140735.82,105.83,RST,Brute Force
flow_0368,203.102.21.81,41483,238.165.26.199,443,UDP,2024-01-28 14:32:37,,,,1365.51,1879.83,2800.73,564579.25,704.15,,BENIGN
flow_0369,132.203.242.65,99999,239.154.251.203,53,tcp,2024-01-14 14:55:39,-999.0,,,168.35,2184.46,1927.65,155758.31,746.06,SYN,BENIGN
flow_0370,166.97.146.92,-1,147.183.37.201,21,HTTP,06/01/2024 09:27,9999999.0,,162.0,1095.61,2209.51,1558.81,762287.84,91.7,ACK,DDoS
flow_0372,112.204.225.230,39701,48.34.81.107,53,TCP,09/01/2024 07:27,,483.0,,50.66,2341.89,4210.96,660952.19,233.08,,PortScan
flow_0373,87.95.254.178,45071,140.206.47.90,21,Tcp,11/01/2024 16:08,19562.0,27.0,384.0,1149.9,2102.53,4727.45,414876.37,,RST,Brute Force
flow_0374,237.136.42.187,21548,57.109.169.85,48,Tcp,2024-01-30 07:17:12,-999.0,-5.0,,84.74,138.36,3556.74,172419.99,320.4,ACK,Brute Force
flow_0375,111.92.150.83,-1,93.150.111.244,53,tcp,2024-01-30 16:28:54,74349.0,301.0,175.0,143.72,4787.46,2802.43,965300.19,476.04,,benign
flow_0376,84.151.156.115,8688,193.243.4.30,8080,TCP,01-29-2024 01:33:37,9999999.0,-5.0,105.0,948.53,3779.28,3944.83,810319.67,987.93,ACK,benign
flow_0378,187.180.222.71,99999,232.124.20.175,40615,udp,01-20-2024 23:39:38,-999.0,198.0,410.0,177.38,2561.03,1740.9,162373.71,676.16,SYN,PortScan
flow_0379,203.29.38.172,-1,227.164.195.235,23861,udp,2024-01-24 17:58:29,-999.0,138.0,,520.82,2716.35,,306064.82,61.27,PSH,benign
flow_0380,94.81.15.37,40111,204.58.197.66,443,UDP,29/01/2024 17:14,,,,319.44,1466.72,2330.38,908980.85,6.31,SYN,benign
flow_0381,174.224.17.33,-1,139.144.12.234,8080,udp,23/01/2024 11:09,9999999.0,,,853.02,1963.3,3642.46,321072.74,197.72,RST,Brute Force
flow_0382,200.187.185.99,28748,133.191.228.125,8080,udp,01-01-2024 16:53:53,-999.0,,322.0,261.45,29.76,2798.97,331582.05,542.0,ACK,DDoS
flow_0383,9.78.230.243,99999,12.151.98.83,53,Tcp,01-21-2024 18:47:05,-999.0,,,248.68,4374.55,4697.04,34222.77,699.97,SYN,PortScan
flow_0384,114.39.70.136,99999,132.42.49.43,21,TCP,2024-01-12 23:22:22,-999.0,325.0,35.0,1044.22,271.73,895.03,913576.93,75.78,,BENIGN
flow_0385,81.142.127.246,99999,249.3.33.54,53,UDP,16/01/2024 21:19,-999.0,468.0,26.0,202.15,4149.47,53.36,,321.41,FIN,Brute Force
flow_0386,189.95.255.133,62018,172.109.217.214,21,Tcp,2024-01-29 03:07:40,-999.0,-5.0,480.0,172.17,1667.42,2630.01,722522.72,162.42,ACK,ddos
flow_0387,144.60.134.199,37390,27.105.222.166,53,Tcp,2024-01-29 17:27:50,-999.0,-5.0,64.0,777.08,1452.88,,100115.25,592.31,RST,Brute Force
flow_0388,115.109.146.178,-1,210.36.78.7,53,HTTP,2024-01-28 20:24:35,,346.0,88.0,229.92,1656.54,470.54,222699.68,506.65,FIN,benign
flow_0389,126.102.62.35,10218,118.169.19.23,22,TCP,2024-01-21 06:44:22,-999.0,-5.0,120.0,55.52,3702.36,1268.8,66325.72,426.52,ACK,BENIGN
flow_0390,116.88.227.23,-1,19.27.91.204,8080,ICMP,02/01/2024 22:40,9999999.0,334.0,,238.12,3696.82,3033.87,464433.32,735.44,PSH,Brute Force
flow_0391,248.163.177.182,41617,65.36.116.234,80,tcp,2024-01-25 11:27:16,,-5.0,159.0,354.31,1025.32,,898143.4,654.84,,Brute Force
flow_0392,139.148.153.218,-1,67.208.198.116,53,Tcp,01-21-2024 15:58:25,9999999.0,,369.0,589.42,3702.12,2393.67,856915.67,251.67,SYN,Brute Force
flow_0393,182.89.185.131,63403,162.207.221.81,80,Tcp,20/01/2024 03:24,11237.0,-5.0,,1237.72,1117.72,3477.5,721.63,64.65,ACK,PortScan
flow_0394,253.102.71.61,32783,5.199.60.137,2869,,05/01/2024 18:10,-999.0,257.0,90.0,270.95,4261.28,3126.35,899548.99,344.22,SYN,BENIGN
flow_0395,7.184.188.120,-1,2.32.23.180,443,,2024-01-25 01:02:56,9999999.0,401.0,,170.57,1554.45,4116.63,322876.46,619.85,SYN,DDoS
flow_0396,142.66.44.17,99999,218.37.183.238,11708,TCP,01-05-2024 00:48:31,-999.0,-5.0,,548.82,32.25,4637.87,956905.35,79.95,SYN,DDoS
flow_0397,184.245.210.197,99999,129.54.148.202,443,ICMP,01-01-2024 14:28:25,9999999.0,87.0,495.0,195.16,3438.87,3161.2,96398.29,716.11,FIN,BENIGN
flow_0398,148.37.64.249,-1,176.154.44.73,21,,2024-01-20 17:44:39,9999999.0,,,1381.41,0.18,2367.24,831089.35,,SYN,PortScan
flow_0401,223.28.63.133,-1,137.112.69.192,42058,Tcp,2024-01-05 09:42:27,73007.0,,,1025.56,4163.63,,659209.93,681.08,,BENIGN
flow_0402,43.82.165.240,33051,101.151.73.77,8080,,01-24-2024 06:59:15,,-5.0,,1007.56,278.27,765.96,717268.07,65.88,SYN,BENIGN
flow_0404,245.140.64.161,3046,224.72.63.11,8080,TCP,01-23-2024 07:06:11,46439.0,498.0,389.0,173.81,4101.35,2097.86,250670.7,742.19,FIN,BENIGN
flow_0405,137.47.86.152,20166,2.201.43.79,22,udp,2024-01-29 08:00:47,,1.0,,999.36,2733.6,280.24,301108.15,499.69,RST,PortScan
flow_0406,40.87.172.216,19036,54.176.108.106,22,Tcp,23/01/2024 01:55,9999999.0,,,1219.86,3406.6,311.63,462149.16,313.47,SYN,BENIGN
flow_0407,11.14.41.12,-1,232.72.82.48,53,TCP,01-07-2024 17:30:30,9999999.0,-5.0,218.0,133.03,3085.79,2720.42,516904.36,190.29,RST,benign
flow_0408,198.135.107.197,-1,57.129.99.30,80,tcp,2024-01-20 16:16:44,,-5.0,,,3180.99,970.91,266725.87,42.7,FIN,benign
flow_0409,159.15.254.228,99999,47.27.236.166,443,Tcp,01-18-2024 23:34:16,17332.0,,304.0,236.95,4092.75,83.37,327944.01,464.94,,PortScan
flow_0410,75.154.247.63,-1,141.37.148.172,21,Tcp,01-23-2024 12:56:37,-999.0,-5.0,283.0,681.11,853.88,4241.15,145221.0,923.45,RST,DDoS
flow_0412,16.80.225.107,99999,186.249.169.92,21,ICMP,04/01/2024 10:22,9999999.0,-5.0,,187.48,1450.18,2934.24,799771.39,899.09,,BENIGN
flow_0413,53.174.73.81,-1,33.120.51.73,8080,udp,01-17-2024 03:51:49,9999999.0,145.0,,1095.53,4795.46,2581.7,794194.86,142.08,PSH,ddos
flow_0414,82.176.204.34,99999,159.35.99.82,22,TCP,02/01/2024 14:06,17290.0,-5.0,,498.12,3338.5,2015.87,14321.73,419.6,FIN,ddos
flow_0415,132.54.163.62,-1,125.230.168.158,8080,Tcp,21/01/2024 16:12,9999999.0,-5.0,,1155.95,3488.26,3348.21,835379.09,,FIN,Brute Force
flow_0416,69.230.126.37,36547,169.156.78.145,21,HTTP,01-30-2024 17:36:56,,,,751.43,2084.48,4125.24,396763.6,316.72,RST,DDoS
flow_0417,75.196.214.64,99999,146.186.161.246,22,ICMP,2024-01-28 22:11:26,,,100.0,1459.82,139.85,3644.79,,632.19,FIN,BENIGN
flow_0418,231.81.167.240,99999,110.86.2.81,8080,HTTP,01-04-2024 22:19:26,-999.0,358.0,469.0,962.17,2821.05,2216.99,343901.77,13.95,ACK,ddos
flow_0419,81.97.81.128,-1,64.113.223.71,3821,ICMP,01-17-2024 07:06:45,,426.0,2.0,1417.16,,993.42,816989.49,661.77,FIN,benign
flow_0420,120.255.157.128,99999,216.184.68.174,22,UDP,01-03-2024 15:51:36,,-5.0,,587.11,3225.54,864.84,452104.11,592.94,RST,BENIGN
flow_0422,130.234.123.56,50264,115.183.156.125,80,Tcp,06/01/2024 09:17,,-5.0,,813.59,4535.29,,117819.13,149.9,PSH,BENIGN
flow_0423,13.25.144.127,20534,142.55.89.166,22,TCP,18/01/2024 17:56,,,,143.75,2339.54,1753.42,768511.05,21.68,RST,PortScan
flow_0424,216.240.146.138,-1,156.41.143.220,443,udp,02/01/2024 23:37,-999.0,-5.0,,799.88,1384.52,2840.87,337254.59,303.52,,benign
flow_0426,35.135.187.196,29798,188.39.38.229,80,UDP,01-28-2024 03:02:17,9999999.0,,157.0,149.13,2516.03,581.31,487355.15,486.53,PSH,PortScan
flow_0427,12.205.26.146,51855,5.15.207.197,443,,01-04-2024 06:04:03,-999.0,-5.0,209.0,320.85,3531.12,3647.75,663248.07,432.86,SYN,PortScan
flow_0428,93.147.37.99,99999,152.108.18.142,21,tcp,2024-01-10 22:30:26,19480.0,,471.0,556.35,313.83,2955.74,342375.02,159.82,,Brute Force
flow_0429,196.143.60.33,99999,67.241.76.94,443,Tcp,2024-01-17 06:13:16,-999.0,-5.0,197.0,217.72,1759.34,3833.61,63117.77,59.76,RST,DDoS
flow_0430,101.191.173.143,99999,101.114.148.35,8080,,2024-01-27 04:43:08,9999999.0,,,1368.82,1696.46,1087.63,642292.69,66.91,SYN,DDoS
flow_0431,194.73.101.155,99999,119.46.203.94,53,udp,01-24-2024 05:29:07,-999.0,,,1277.01,3933.48,406.37,126228.17,476.7,RST,DDoS
flow_0432,129.20.23.10,29084,129.5.122.218,443,tcp,01-29-2024 03:53:17,9999999.0,-5.0,,226.24,3813.04,1233.66,457433.44,235.15,FIN,benign
flow_0433,86.242.233.39,41404,247.84.71.115,8080,udp,01-11-2024 04:25:39,57203.0,169.0,,1256.17,1969.64,3211.59,550464.77,803.62,FIN,benign
flow_0434,132.71.167.239,52459,41.91.74.189,21,ICMP,11/01/2024 22:39,64868.0,-5.0,,1398.39,3225.67,955.43,873306.74,12.97,SYN,benign
flow_0436,213.250.153.122,53809,57.249.118.17,8080,Tcp,01-25-2024 10:41:48,9999999.0,473.0,,1125.55,2880.19,3529.57,82967.24,684.06,,PortScan
flow_0437,95.169.56.251,-1,68.189.119.11,22,TCP,21/01/2024 12:44,9999999.0,,,1049.76,3876.99,702.13,504723.72,121.85,RST,benign
flow_0438,79.13.242.68,-1,172.105.184.100,21,tcp,2024-01-03 15:27:01,-999.0,3.0,376.0,1104.96,647.11,1129.8,941249.72,281.9,RST,PortScan
flow_0440,135.194.75.211,-1,252.165.52.181,80,,22/01/2024 23:05,-999.0,-5.0,,176.89,3087.38,1474.66,221857.09,369.57,SYN,DDoS
flow_0441,9.56.97.5,99999,248.140.134.149,10933,TCP,01-25-2024 08:13:54,-999.0,-5.0,323.0,725.7,224.65,1322.73,,63.12,RST,DDoS
flow_0442,108.77.211.177,-1,140.89.192.168,53,,06/01/2024 22:58,,,357.0,254.1,795.9,2893.48,525574.69,417.0,,BENIGN
flow_0443,129.241.31.181,-1,97.187.39.133,53,ICMP,01-26-2024 19:42:49,-999.0,,,229.09,531.1,3209.13,562883.0,326.2,PSH,benign
flow_0444,54.166.244.135,99999,65.192.114.133,8080,tcp,26/01/2024 20:49,76486.0,276.0,483.0,38.47,2382.07,3155.13,46995.22,871.87,PSH,benign
flow_0445,245.88.235.234,99999,104.180.176.125,53,Tcp,01-22-2024 22:35:34,-999.0,-5.0,130.0,636.41,4906.64,183.66,539457.2,915.74,FIN,PortScan
flow_0447,246.126.142.143,-1,226.71.225.43,22,udp,2024-01-04 04:27:42,9999999.0,276.0,6.0,800.63,4498.97,1053.31,158749.8,577.22,RST,DDoS
flow_0448,242.152.147.181,61236,59.39.143.55,22,Tcp,2024-01-23 05:27:43,88723.0,-5.0,394.0,715.87,4462.36,1734.61,634907.34,194.38,SYN,DDoS
flow_0451,140.194.202.210,57783,208.169.58.124,27024,ICMP,2024-01-04 17:39:00,,,265.0,108.8,4234.01,4149.29,955130.45,592.83,RST,Brute Force
flow_0452,198.74.148.11,17386,173.245.245.54,21,tcp,08/01/2024 23:57,77376.0,-5.0,,914.18,3816.76,453.79,202196.12,819.66,SYN,DDoS
flow_0453,183.40.177.237,-1,152.82.210.6,8080,TCP,01-06-2024 10:31:05,-999.0,,,257.32,4203.4,1291.07,,469.75,RST,benign
flow_0454,66.245.109.52,55319,63.22.65.147,53,,08/01/2024 04:22,3784.0,-5.0,,646.96,1605.8,157.24,900956.62,,FIN,benign
flow_0455,70.139.70.28,99999,152.82.68.162,53,HTTP,2024-01-08 07:20:34,9999999.0,5.0,,692.36,1888.14,3291.66,893744.49,95.58,PSH,BENIGN
flow_0456,151.122.124.13,-1,132.20.75.15,443,UDP,01-26-2024 06:38:42,,,,401.92,2868.9,699.08,136119.88,623.61,SYN,DDoS
flow_0457,136.115.119.14,99999,43.132.92.133,24581,TCP,02/01/2024 02:26,77883.0,480.0,,472.93,1262.47,1861.41,353.61,490.94,SYN,BENIGN
flow_0458,85.241.51.175,-1,246.207.9.225,8080,udp,01-21-2024 05:18:01,43178.0,228.0,385.0,1398.55,1430.45,2941.95,555757.38,890.91,ACK,benign
flow_0459,2.80.208.168,-1,185.145.43.56,22,TCP,2024-01-27 06:49:02,9999999.0,-5.0,,156.07,810.45,,923052.15,266.01,,ddos
flow_0460,225.243.244.167,-1,115.241.246.44,21,UDP,24/01/2024 00:08,-999.0,,416.0,1427.59,4043.36,3147.36,959275.75,777.43,,benign
flow_0461,247.147.164.74,99999,57.210.73.204,21,Tcp,21/01/2024 09:29,27704.0,-5.0,137.0,612.6,2910.54,39.49,410375.53,276.21,,PortScan
flow_0463,218.19.89.107,99999,186.175.232.153,22,TCP,2024-01-10 04:16:17,42358.0,-5.0,,1464.46,4050.04,501.04,806988.28,246.59,RST,Brute Force
flow_0464,46.18.203.202,-1,152.35.117.97,80,UDP,2024-01-02 01:40:28,97491.0,,3.0,134.27,1797.81,1531.38,242463.06,327.21,RST,BENIGN
flow_0465,240.148.19.3,-1,99.67.55.5,443,udp,01-26-2024 05:24:06,9999999.0,-5.0,,726.58,2732.9,930.8,646084.62,482.55,,BENIGN
flow_0466,155.54.171.73,-1,52.214.76.156,22,TCP,17/01/2024 07:19,9999999.0,114.0,0.0,619.55,926.52,,193371.3,272.76,FIN,DDoS
flow_0468,70.98.57.85,99999,158.19.60.24,443,tcp,16/01/2024 20:10,9999999.0,,,647.85,2480.88,2174.84,276217.87,536.31,PSH,Brute Force
flow_0469,118.131.95.4,99999,124.66.0.230,14079,Tcp,01-29-2024 19:18:40,11690.0,-5.0,,174.51,2851.85,4170.48,123471.42,645.84,RST,DDoS
flow_0470,203.151.98.45,-1,241.220.215.95,80,tcp,01-26-2024 17:41:18,-999.0,-5.0,,1172.62,1760.53,1866.07,944341.11,597.59,SYN,DDoS
flow_0471,164.207.218.132,99999,224.22.219.59,50563,tcp,22/01/2024 14:45,9999999.0,108.0,87.0,374.5,2793.49,3392.78,443381.36,733.42,FIN,Brute Force
flow_0472,103.48.94.252,-1,241.246.195.90,8080,udp,01-15-2024 18:16:53,-999.0,-5.0,191.0,177.57,335.77,4853.83,760584.6,194.94,FIN,benign
flow_0473,83.127.3.67,56736,151.50.217.35,22,udp,07/01/2024 09:44,,203.0,360.0,36.25,1880.59,3815.86,,282.46,PSH,DDoS
flow_0474,115.136.168.78,99999,66.244.119.233,53,Tcp,09/01/2024 08:05,9999999.0,,,297.86,390.72,2534.8,524240.96,422.99,,DDoS
flow_0475,147.5.133.168,27088,220.42.145.154,53,,12/01/2024 00:13,,-5.0,93.0,1395.22,1491.13,3870.36,598446.5,10.91,RST,DDoS
flow_0476,61.31.60.120,-1,225.209.131.49,53,UDP,19/01/2024 01:17,-999.0,253.0,230.0,145.86,1152.87,2003.75,438271.99,144.06,ACK,PortScan
flow_0477,104.159.60.164,55081,2.3.60.134,80,udp,2024-01-03 07:07:50,47060.0,283.0,95.0,86.41,1654.6,,541259.48,,PSH,BENIGN
flow_0478,76.188.113.57,-1,2.192.105.177,21,ICMP,18/01/2024 03:24,-999.0,-5.0,30.0,736.03,4703.09,4611.77,153676.61,762.37,RST,BENIGN
flow_0479,123.78.232.192,-1,206.161.209.93,443,ICMP,2024-01-23 03:11:34,9999999.0,-5.0,414.0,,1256.91,4826.18,754250.26,464.94,SYN,DDoS
flow_0480,96.212.241.194,99999,28.79.218.167,22,udp,01-08-2024 19:20:01,9999999.0,-5.0,,32.55,339.76,992.31,875235.48,147.61,SYN,ddos
flow_0481,171.111.126.175,38899,150.129.133.219,53,UDP,26/01/2024 23:41,9999999.0,290.0,225.0,437.96,4840.57,3759.25,40971.63,555.26,,PortScan
flow_0482,224.41.228.136,-1,138.216.187.157,443,TCP,2024-01-09 20:22:19,9999999.0,-5.0,444.0,308.43,2876.78,1665.74,255452.37,758.46,ACK,Brute Force
flow_0483,20.57.31.213,-1,71.203.104.106,16794,UDP,2024-01-08 10:49:21,-999.0,-5.0,,1094.02,4659.05,4851.63,425910.57,273.55,PSH,benign
flow_0485,134.226.59.175,50979,144.247.129.254,21,Tcp,02/01/2024 23:56,12182.0,-5.0,,622.78,3487.59,2293.57,487304.11,162.9,SYN,benign
flow_0487,208.28.232.34,-1,36.60.117.115,80,udp,22/01/2024 09:40,-999.0,-5.0,15.0,242.28,1315.27,4414.77,731759.31,867.74,RST,Brute Force
flow_0488,117.29.236.173,2091,201.82.51.55,22,ICMP,2024-01-18 22:41:57,-999.0,,,585.53,,401.88,865085.07,368.82,SYN,Brute Force
flow_0489,186.11.202.66,61935,131.205.173.206,21,udp,01-10-2024 23:01:23,64922.0,-5.0,344.0,1281.0,1304.41,1016.61,849965.41,720.5,PSH,DDoS
flow_0490,191.111.37.12,-1,141.26.82.100,21,tcp,01-02-2024 16:24:56,9999999.0,-5.0,4.0,244.28,3823.68,1223.66,701599.05,628.89,ACK,DDoS
flow_0491,180.32.30.240,-1,247.2.46.211,8080,ICMP,16/01/2024 09:15,57325.0,-5.0,136.0,1330.1,2735.44,4228.34,56652.52,395.54,RST,BENIGN
flow_0493,197.69.215.96,60622,17.134.113.95,80,udp,01-22-2024 18:27:27,-999.0,-5.0,49.0,1215.06,4391.35,2354.0,732442.63,,,BENIGN
flow_0494,98.229.193.97,99999,21.19.196.239,8080,Tcp,01-08-2024 21:26:23,,,267.0,1157.86,364.56,3493.9,640265.42,565.62,PSH,Brute Force
flow_0495,247.68.178.31,20807,253.205.146.183,80,,2024-01-15 15:20:33,9999999.0,,,1446.23,4521.62,3342.18,666978.48,883.26,RST,ddos
flow_0496,138.201.65.187,-1,247.29.89.164,47894,TCP,02/01/2024 05:02,38729.0,-5.0,,1098.51,3827.87,3531.12,356661.29,717.27,PSH,Brute Force
flow_0497,214.1.11.251,99999,127.224.5.52,21,ICMP,2024-01-25 05:51:46,72219.0,-5.0,,1396.74,,479.12,,63.88,,Brute Force
flow_0498,173.217.194.211,-1,218.146.99.9,5144,TCP,23/01/2024 05:39,5910.0,,,1182.32,4749.54,3815.22,242744.22,151.57,,DDoS
flow_0499,118.177.79.71,-1,201.118.86.173,3665,,2024-01-08 13:48:54,9999999.0,,,553.27,3062.16,3866.3,591084.44,940.12,SYN,ddos
flow_0304,118.185.45.112,-1,245.173.48.111,21,UDP,01-05-2024 20:28:15,,,110.0,305.53,2970.03,3615.16,60286.36,475.09,FIN,PortScan
flow_0067,68.67.178.226,32441,189.157.53.53,443,Tcp,01-30-2024 16:26:18,76238.0,,159.0,1060.39,3683.6,2863.01,854243.65,580.9,ACK,ddos
flow_0479,123.78.232.192,-1,206.161.209.93,443,ICMP,2024-01-23 03:11:34,9999999.0,-5.0,414.0,,1256.91,4826.18,754250.26,464.94,SYN,DDoS
flow_0485,134.226.59.175,50979,144.247.129.254,21,Tcp,02/01/2024 23:56,12182.0,-5.0,,622.78,3487.59,2293.57,487304.11,162.9,SYN,benign
flow_0249,30.49.120.228,31030,54.86.81.126,53,ICMP,04/01/2024 21:44,,-5.0,3.0,300.56,413.97,3640.93,571008.43,910.81,ACK,PortScan
flow_0090,198.142.179.165,28151,119.52.71.32,53,HTTP,2024-01-22 04:49:59,24696.0,-5.0,327.0,697.15,2974.46,734.51,660698.49,147.88,PSH,DDoS
flow_0322,11.126.224.254,-1,117.169.242.184,8080,HTTP,01-05-2024 06:33:07,96921.0,331.0,370.0,808.06,4281.33,853.61,948503.69,885.6,ACK,ddos
flow_0119,85.238.212.16,28050,146.72.96.215,53,TCP,03/01/2024 13:29,,-5.0,,588.26,4964.15,392.22,762934.9,226.64,ACK,DDoS
flow_0066,145.51.37.138,37648,86.0.192.218,22,tcp,2024-01-29 06:55:34,-999.0,-5.0,,1004.72,4694.85,4689.88,303201.42,412.32,ACK,benign
flow_0305,63.223.205.135,-1,170.127.246.89,8080,TCP,30/01/2024 17:32,9999999.0,,457.0,165.98,2915.79,1162.15,373474.36,289.74,RST,benign
flow_0189,209.18.232.23,-1,45.141.206.37,443,,01-05-2024 17:49:38,9999999.0,,,1379.29,4133.43,3774.32,865408.69,813.64,FIN,BENIGN
flow_0434,132.71.167.239,52459,41.91.74.189,21,ICMP,11/01/2024 22:39,64868.0,-5.0,,1398.39,3225.67,955.43,873306.74,12.97,SYN,benign
flow_0289,249.15.46.192,-1,30.48.23.3,80,tcp,21/01/2024 16:34,,249.0,34.0,,506.52,4834.43,327842.11,781.86,FIN,DDoS
flow_0142,4.215.250.28,16816,18.179.131.202,14121,ICMP,14/01/2024 08:39,,-5.0,,1178.55,3930.24,1569.22,604006.8,180.42,SYN,Brute Force
flow_0146,240.44.142.226,-1,140.192.51.213,22,HTTP,01-08-2024 08:05:08,64711.0,446.0,,816.55,517.1,4382.03,,928.61,ACK,ddos
